Workbook
Name harga_bahan: 'HARGA SATUAN'!$D$5:$I$2650
Name hsp: HSP!$B$9:$I$847

Sheet HARGA SATUAN
B2: HARGA UPAH, BAHAN, DAN PERALATAN
B3: TAHUN ANGGARAN 2026
B5: No | C5: Uraian | E5: Kode | F5: Sat. | G5: Harga (Rp) | H5: Ket. | I5: TKDN
B6: Column1 | C6: Column2 | D6: Column3 | E6: Column4 | F6: Column5 | G6: Column6 | H6: Column7 | I6: Column8 | J6: Column9 | K6: Column10
B7: A. | C7: UPAH TENAGA SESUAI UMP DAERAH | K7: ,..,
K8: ,..,
B9: 1 | D9: Pekerja | E9: L.01 | F9: OH | G9: 160105.2 | H9: SK GUGERNUR NO. 404 TAHUN 2025 TENTANG PENETAPAN UMP SULUT 2026 | I9: 1 | K9: ,..,
K10: ,..,
B11: B. | C11: UPAH TENAGA SESUAI HARGA PERUSAHAAN | K11: ,..,
K12: ,..,
B13: 2 | D13: Tukang Batu | E13: L.02a | F13: OH | G13: 185000 | H13: HARGA SURVEY | I13: 1 | K13: ,..,
B14: 3 | D14: Tukang Kayu | E14: L.02b | F14: OH | G14: 185000 | H14: HARGA SURVEY | I14: 1 | K14: ,..,
B15: 4 | D15: Tukang Besi | E15: L.02c | F15: OH | G15: 185000 | H15: HARGA SURVEY | I15: 1 | K15: ,..,
B16: 5 | D16: Tukang Beton | E16: L.02d | F16: OH | G16: 185000 | H16: HARGA SURVEY | I16: 1 | K16: ,..,
B17: 6 | D17: Tukang Pipa | E17: L.02e | F17: OH | G17: 185000 | H17: HARGA SURVEY | I17: 1 | K17: ,..,
B18: 7 | D18: Tukang las | E18: L.02f | F18: OH | G18: 250000 | H18: HARGA SURVEY | I18: 1 | K18: ,..,
B19: 8 | D19: Tukang Listrik | E19: L.02g | F19: OH | G19: 250000 | H19: HARGA SURVEY | I19: 1 | K19: ,..,
B20: 9 | D20: Tukang Kaca | E20: L.02h | F20: OH | G20: 185000 | H20: HARGA SURVEY | I20: 1 | K20: ,..,
B21: 10 | D21: Tukang Alumunium | E21: L.02i | F21: OH | G21: 185000 | H21: HARGA SURVEY | I21: 1 | K21: ,..,
B22: 11 | D22: Tukang Cat | E22: L.02j | F22: OH | G22: 185000 | H22: HARGA SURVEY | I22: 1 | K22: ,..,
B23: 12 | D23: Tukang Tanaman | E23: L.02k | F23: OH | G23: 185000 | H23: HARGA SURVEY | I23: 1 | K23: ,..,
B24: 13 | D24: Kepala tukang | E24: L.03 | F24: OH | G24: 200000 | H24: HARGA SURVEY | I24: 1 | K24: ,..,
... B33: 22 | D33: Pembantu Supir | E33: L.11 | F33: OH | G33: 100000 | H33: HARGA SURVEY | I33: 1 | K33: ,..,
B35: C. | C35: BAHAN LOKAL | K35: ,..,
B36: 1 | C36: Batu | K36: ,..,
C37: - | D37: Batu Kali/ Batu Sungai | E37: A.1.1 | F37: m3 | G37: 250000 | H37: HARGA SURVEY | I37: 0.97 | K37: ,..,
C38: - | D38: Kerikil Sungai | E38: A.1.2 | F38: m3 | G38: 240000 | H38: HARGA SURVEY | K38: ,..,
C39: - | D39: Batu Gunung | E39: A.1.3 | F39: m3 | G39: 225000 | H39: HARGA SHST 2025 | K39: ,..,
C40: - | D40: Batu Belah 15 - 20 cm | E40: A.1.4 | F40: m3 | G40: 225000 | H40: HARGA SHST 2025 | I40: 0.99 | K40: ,..,
C41: - | D41: Batu Belah 5 - 7 cm | E41: A.1.5 | F41: m3 | G41: 225000 | H41: HARGA SHST 2025 | K41: ,..,
C42: - | D42: Batu Split @30-50 mm | E42: A.1.6 | F42: m3 | G42: 450000 | H42: HARGA SURVEY | I42: 0.97 | K42: ,..,
C43: - | D43: Batu Split @20-30 mm | E43: A.1.7 | F43: m3 | G43: 500000 | H43: HARGA SURVEY | I43: 0.91 | K43: ,..,
C44: - | D44: Batu Split @20-30 mm | E44: A.1.8 | F44: Kg | G44: 370.37037 | H44: HARGA SURVEY | I44: 0.91 | K44: ,..,
C45: - | D45: Batu Split @10-20 mm | E45: A.1.9 | F45: m3 | G45: 500000 | H45: HARGA SURVEY | I45: 0.92 | K45: ,..,
C46: - | D46: Batu Split 0-5 mm (Abu Batu) | E46: A.1.10 | F46: m3 | G46: 333333 | H46: HARGA SHST 2025 | K46: ,..,
C47: - | D47: Bata Merah @12 | E47: A.1.11 | F47: Buah | G47: 1100 | H47: HARGA SURVEY | I47: 0.94 | K47: ,..,
C48: - | D48: Bata Merah @9 | E48: A.1.12 | F48: Buah | G48: 550 | H48: HARGA SHST 2025 | K48: ,..,
C49: - | D49: Batako @40 cm x 20 cm x 20 cm x 10 cm | E49: A.1.15 | F49: Buah | G49: 6000 | H49: HARGA SURVEY | I49: 0.98 | K49: ,..,
C50: - | D50: Pas. Bata 1:3 | E50: A.1.16 | F50: m2 | G50: 377306.47 | H50: HARGA SURVEY | I50: 0.92 | K50: ,..,
G51: 0 | K51: ,..,
B52: 2 | C52: Batu alam | G52: 0 | K52: ,..,
D53: Bakaran | G53: 0 | K53: ,..,
C54: - | D54: Batu Alam Uk. 60 x 60 | E54: A.2.1 | F54: m2 | G54: 300000 | H54: HARGA SHST 2025 | K54: ,..,
C55: - | D55: Batu Alam Uk. 50 x 50 | E55: A.2.2 | F55: m2 | G55: 300000 | H55: HARGA SHST 2025 | K55: ,..,
C56: - | D56: Batu Alam Uk. 40 x 40 | E56: A.2.3 | F56: m2 | G56: 300000 | H56: HARGA SHST 2025 | K56: ,..,
C57: - | D57: Batu Alam Uk. 30 x 60 | E57: A.2.4 | F57: m2 | G57: 250000 | H57: HARGA SHST 2025 | K57: ,..,
C58: - | D58: Batu Alam Uk. 15 x 30 | E58: A.2.5 | F58: m2 | G58: 220000 | H58: HARGA SHST 2025 | K58: ,..,
C59: - | D59: Batu Alam Uk. 10 x 20 | E59: A.2.6 | F59: m2 | G59: 220000 | H59: HARGA SHST 2025 | K59: ,..,
C60: - | D60: Batu Alam Uk. 20 x 30 | E60: A.2.7 | F60: m2 | G60: 220000 | H60: HARGA SHST 2025 | K60: ,..,
C61: - | D61: Batu Alam Uk. 30 x 30 | E61: A.2.8 | F61: m2 | G61: 220000 | H61: HARGA SHST 2025 | K61: ,..,
C62: - | D62: Batu Alam Uk. 20 x 40 | E62: A.2.9 | F62: m2 | G62: 220000 | H62: HARGA SHST 2025 | K62: ,..,
C63: - | D63: Batu Alam Uk. 10 x 30 | E63: A.2.10 | F63: m2 | G63: 235000 | H63: HARGA SHST 2025 | K63: ,..,
C64: - | D64: Batu Alam Uk. 18 x 50 | E64: A.2.11 | F64: m2 | G64: 235000 | H64: HARGA SHST 2025 | K64: ,..,
G65: 0 | K65: ,..,
D66: Batu Tempel | G66: 0 | K66: ,..,
C67: - | D67: Batu dinding No.18 Acak Uk. 20 x 40 cm | E67: A.2.12 | F67: m2 | G67: 232000 | H67: HARGA SHST 2025 | K67: ,..,
C68: - | D68: Batu dinding No.21 Garis-garis Uk. 20 x 40 cm | E68: A.2.13 | F68: m2 | G68: 232000 | H68: HARGA SHST 2025 | K68: ,..,
C69: - | D69: Batu tempel acak (batuan dari lombok) = 12 m2 | E69: A.2.14 | F69: m3 | G69: 1820000 | H69: HARGA SHST 2025 | K69: ,..,
C70: - | D70: Batu susun hitam (Uk. 20 x 40 cm) = 12lembar | E70: A.2.15 | F70: m2 | G70: 346000 | H70: HARGA SHST 2025 | K70: ,..,
C71: - | D71: Batu susun hcream (Uk. 20 x 40 cm) = 12lembar | E71: A.2.16 | F71: m2 | G71: 346000 | H71: HARGA SHST 2025 | K71: ,..,
C72: - | D72: Batu susun hitam - cream Uk. 20 x 40 cm = 12lembar | E72: A.2.17 | F72: m2 | G72: 296000 | H72: HARGA SHST 2025 | K72: ,..,
C73: - | D73: Batu andesit polos abu-abu 30 x 60 cm = 5lembar | E73: A.2.18 | F73: m2 | G73: 236000 | H73: HARGA SHST 2025 | K73: ,..,
C74: - | D74: Batu andesit polos abu-abu 20 x 40 cm = 12lembar | E74: A.2.19 | F74: m2 | G74: 225000 | H74: HARGA SHST 2025 | K74: ,..,
C75: - | D75: Batu andesit polos abu-abu 15 x 30 cm = 22lembar | E75: A.2.20 | F75: m2 | G75: 215000 | H75: HARGA SHST 2025 | K75: ,..,
C76: - | D76: Batu candi polos hitam 20 x 40 cm = 12lembar | E76: A.2.21 | F76: m2 | G76: 226000 | H76: HARGA SHST 2025 | K76: ,..,
C77: - | D77: Batu candi polos putih 20 x 40 cm = 12lembar | E77: A.2.22 | F77: m2 | G77: 253000 | H77: HARGA SHST 2025 | I77: 0.99 | K77: ,..,
G78: 0 | K78: ,..,
D79: Motif gelombang | G79: 0 | K79: ,..,
C80: - | D80: Motif gelombang Uk. 20 x 40 | E80: A.2.23 | F80: m2 | G80: 275000 | H80: HARGA SHST 2025 | K80: ,..,
C81: - | D81: Motif gelombang Uk. 15 x 30 | E81: A.2.24 | F81: m2 | G81: 275000 | H81: HARGA SHST 2025 | K81: ,..,
G82: 0 | K82: ,..,
D83: Motif lain | G83: 0 | K83: ,..,
C84: - | D84: Motif lain Uk. 20 x 40 | E84: A.2.25 | F84: m2 | G84: 235000 | H84: HARGA SHST 2025 | K84: ,..,
C85: - | D85: Motif lain Uk. 15 x 30 | E85: A.2.26 | F85: m2 | G85: 235000 | H85: HARGA SHST 2025 | K85: ,..,
G86: 0 | K86: ,..,
D87: Motif polos | G87: 0 | K87: ,..,
C88: - | D88: Motif polos Uk. 30 x 30 | E88: A.2.27 | F88: m2 | G88: 300000 | H88: HARGA SHST 2025 | K88: ,..,
C89: - | D89: Motif polos Uk. 20 x 40 | E89: A.2.28 | F89: m2 | G89: 300000 | H89: HARGA SHST 2025 | K89: ,..,
G90: 0 | K90: ,..,
C91: - | D91: Batu acak | E91: A.2.29 | F91: m2 | G91: 145000 | H91: HARGA SHST 2025 | K91: ,..,
G92: 0 | K92: ,..,
D93: Batu sikat | G93: 0 | K93: ,..,
C94: - | D94: Kupang @10 kg (putih) | E94: A.2.30 | F94: Zak | G94: 76000 | H94: HARGA SHST 2025 | K94: ,..,
C95: - | D95: Kupang @10 kg (putih kupang) | E95: A.2.31 | F95: Zak | G95: 45000 | H95: HARGA SHST 2025 | K95: ,..,
C96: - | D96: Kupang @10 kg (hitam abu) | E96: A.2.32 | F96: Zak | G96: 60000 | H96: HARGA SHST 2025 | K96: ,..,
C97: - | D97: Panca warna Uk. 10 - 15 - 20 @15 kg | E97: A.2.33 | F97: Zak | G97: 150000 | H97: HARGA SHST 2025 | K97: ,..,
C98: - | D98: Batu hijau @15 kg | E98: A.2.34 | F98: Zak | G98: 170000 | H98: HARGA SHST 2025 | K98: ,..,
C99: - | D99: Batu hitam @15 kg | E99: A.2.35 | F99: Zak | G99: 170000 | H99: HARGA SHST 2025 | K99: ,..,
C100: - | D100: Batu putih @10 kg | E100: A.2.36 | F100: Zak | G100: 76000 | H100: HARGA SHST 2025 | K100: ,..,
C101: - | D101: Batu creem @10 kg | E101: A.2.37 | F101: Zak | G101: 60000 | H101: HARGA SHST 2025 | K101: ,..,
C102: - | D102: Batu putih gading @10 kg | E102: A.2.38 | F102: Zak | G102: 60000 | H102: HARGA SHST 2025 | K102: ,..,
C103: - | D103: Batu hitam @10 kg | E103: A.2.39 | F103: Zak | G103: 75000 | H103: HARGA SHST 2025 | K103: ,..,
C104: - | D104: Batu campur @10 kg | E104: A.2.40 | F104: Zak | G104: 45000 | H104: HARGA SHST 2025 | K104: ,..,
G105: 0 | K105: ,..,
D106: Perekat | G106: 0 | K106: ,..,
C107: - | D107: Perekat batu alam 1 kg | E107: A.2.42 | F107: Kg | G107: 48000 | H107: HARGA SHST 2025 | K107: ,..,
C108: - | D108: Clear batu alam 1 Liter | E108: A.2.43 | F108: Ltr | G108: 90000 | H108: HARGA SHST 2025 | K108: ,..,
G109: 0 | K109: ,..,
B110: 3 | C110: Beton Ready Mix | G110: 0 | K110: ,..,
C111: - | D111: K.175 | E111: A.3.2 | F111: m3 | G111: 1225000 | H111: HARGA SURVEY | I111: 0.91 | K111: ,..,
...

Sheet HSP
B3: HSP (HARGA SATUAN PEKERJAAN)
B4: Surat Edaran Direktur Jenderal Bina Konstruksi Nomor 182/SE/Dk/2025
B6: Kode AHSP-CK 2025 | C6: Kode AHSP-Umum | D6: Uraian | E6: Ket. | F6: Sat. | G6: TKDN | H6: Harga Satuan Jadi | I6: Harga Satuan Jadi
H7: elevasi 0 - 400 cm (LT 1) | I7: elevasi 401 - 800 cm (LT 2)
B8: Column1 | C8: Column2 | D8: Column3 | E8: Column4 | F8: Column5 | G8: Column6 | H8: Column7 | I8: Column8
B9: 1 | C9: PERSIAPAN LAPANGAN / SITE WORK
B10: 1.1 | C10: PEKERJAAN PERSIAPAN
B11: 1.1.1 | C11: PEMBUATAN PAGAR PROYEK
B12: 1.1.1.1 | D12: Pembuatan 1 m’ pagar sementara dari kayu tinggi 2 meter | F12: m' | G12: 0.97230769 | H12: 549164.42
B13: 1.1.1.2 | D13: Pembuatan 1 m’ pagar sementara dari seng gelombang rangka kayu tinggi 2 meter | F13: m' | G13: 0.97083333 | H13: 417554.26
B14: 1.1.1.3 | D14: Pembuatan 1 m’ pagar sementara dari kawat duri tinggi 2 meter | F14: m' | G14: 0.97 | H14: 429544.08
B15: 1.1.1.4 | D15: Pembuatan 1 m’ pagar sementara seng gelombang rangka baja L.40.40.4 tinggi pagar 1.8 meter | F15: m' | G15: 0.97375 | H15: 539923.06
B16: 1.1.1.5 | D16: Pembuatan 1 m2 pagar BRC Galvanis | F16: m2 | G16: 1 | H16: 21982.858
B17: 1.1.2 | C17: ALAT DAN/ATAU SARANA PENUNJANG
B18: 1.1.2.1 | D18: 1 buah papan nama pekerjaan ukuran 0.8x1.2 menggunakan multiflex 18 mm, frame besi siku dan tiang kayu 8/12 | F18: bh | G18: 0.977 | H18: 1409158.3
B19: 1.1.3 | C19: Pembersihan dan Pengupasan Permukaan Tanah
B20: 1.1.3.1 | D20: 1 m3 Pembersihan dan pengupasan permukaan tanah (striping) s.d. tanaman ∅ 2 cm | F20: m3 | G20: 1 | H20: 19849.598
B21: 1.1.3.2 | D21: Tebas tebang 1 m2 tanaman/tumbuhan ∅ < 5 cm | F21: m2 | G21: 1 | H21: 6386.1294
B22: 1.1.3.3 | D22: Tebas tebang 1 m 2 tanaman/tumbuhan ∅ >5 s.d. 15 cm | F22: m2 | G22: 1 | H22: 10643.549
B23: 1.1.4 | C23: Pembersihan dan Pengupasan Permukaan Tanah
B24: 1.1.4.2 | D24: Pasangan 1 m' bouwplank | F24: m' | G24: 0.98375 | H24: 62894.952
B25: 1.1.4.3 | D25: Patok Kayu (kaso5/7) Panjang 0,5 m' | F25: m' | G25: 0.98142857 | H25: 48760.968
B26: 1.1.4.4 | D26: 1 Buah Patok Kayu (Kaso 5/7) panjang 1 m' | F26: m' | G26: 0.98142857 | H26: 55201.452
B27: 1.2 | C27: PEKERJAAN GALIAN TANAH
B28: 1.2.1 | C28: TANAH BIASA
B29: 1.2.1.1 | C29: Cara Manual
B30: 1.2.1.1.1 | D30: Penggalian 1 m3 tanah biasa sedalam 0 s.d. 1 m untuk volume s.d. 200 m3 secara manual | F30: m3 | G30: 1 | H30: 149015.73
B31: 1.2.1.1.2 | D31: Penggalian 1 m3 tanah biasa sedalam 0 s.d. 1 m untuk volume 200 m3 s.d 2.000 m3 secara manual | F31: m3 | G31: 1 | H31: 119846.36
B32: 1.2.1.1.3 | D32: Penggalian 1 m3 tanah biasa sedalam 0 s.d. 1 m untuk volume > 2.000 m3 secara Manual | F32: m3 | G32: 1 | H32: 85148.392
B33: 1.2.1.1.4 | D33: Penggalian 1 m3 tanah biasa sedalam > 1 s.d. 2 m untuk volume s.d 200 m3 secara manual | F33: m3 | G33: 1 | H33: 178646.38
B34: 1.2.1.1.5 | D34: Penggalian 1 m3 tanah biasa sedalam > 1 s.d. 2 m untuk volume > 200 m3 secara manual | F34: m3 | G34: 1 | H34: 143687.91
B35: 1.2.1.1.6 | D35: Penggalian 1 m3 tanah biasa sedalam > 2 s.d. 3 m untuk volume s.d 200 m3 secara manual | F35: m3 | G35: 1 | H35: 212589.53
B36: 1.2.1.1.7 | D36: Penggalian 1 m3 tanah biasa sedalam > 2 s.d. 3 m untuk volume > 200 m3 secara manual | F36: m3 | G36: 1 | H36: 161781.94
B37: 1.2.1.1.8 | D37: Penggalian 1 m3 tanah biasa sedalam > 3 m, setiap penambahan kedalaman 1 m secara manual | F37: m3 | G37: 1 | H37: 15965.324
B38: 1.2.1.2 | C38: Cara Semi Mekanis
B39: 1.2.1.2.1 | D39: Penggalian 1 m3 tanh biasa sedalam > 0 s.d 1 m secara semi mekanis | F39: m3 | G39: 0.99333333 | H39: 49556.741
B40: 1.2.1.2.2 | D40: Penggalian 1 m3 tanah biasa sedalam >1 s.d 2 m secara semi mekanis | F40: m3 | G40: 0.99333333 | H40: 61764.199
B41: 1.2.1.2.3 | D41: Penggalian 1 m3 tanah biasa sedalam >2 s.d 3 m secara semi mekanis | F41: m3 | G41: 0.99333333 | H41: 76350.144
B42: 1.2.1.2.4 | D42: Penggalian 1 m3 tanah biasa > 3 m untuk setiap penambahan kedalaman 1 m secara semi mekanis | F42: m3 | G42: 0.99333333 | H42: 17353.267
B43: 1.2.2 | C43: PASIR
B44: 1.2.2.1 | C44: Cara Manual
B45: 1.2.2.1.1 | D45: Penggalian 1 m3 pasir sedalam >0 s.d 1 m secara manual | F45: m3 | G45: 1 | H45: 140494.85
B46: 1.2.2.1.2 | D46: Penggalian 1 m3 pasir sedalam > 1 s.d 2 m secara manual | F46: m3 | G46: 1 | H46: 149596.78
B47: 1.2.2.1.3 | D47: Penggalian 1 m3 pasir sedalam > 2 s.d 3 m secara manual | F47: m3 | G47: 1 | H47: 195841.3
B48: 1.2.2.1.4 | D48: Penggalian 1 m3 pasir sedalam > 3 m tiap tambahan dalam 1 msecara manual | F48: m3 | G48: 1 | H48: 21287.098
B49: 1.2.2.2 | C49: Cara Semi Mekanis
B50: 1.2.3 | C50: TANAH BERBATU
B51: 1.2.3.1 | C51: Cara Manual
B52: 1.2.3.1.1 | D52: Penggalian 1 m3 tanah berbatu sedalam > 0 s.d 1 m secara Manual | F52: m3 | G52: 1 | H52: 252631.57
B53: 1.2.3.1.2 | D53: Penggalian 1 m3 tanah berbatu sedalam > 1 s.d 2 m secara Manual | F53: m3 | G53: 1 | H53: 319306.47
B54: 1.2.3.1.3 | D54: Penggalian 1 m3 tanah berbatu sedalam > 2 s.d 3 m secara Manual | F54: m3 | G54: 1 | H54: 351237.12
B55: 1.2.3.1.4 | D55: Penggalian 1 m3 tanah berbatu sedalam >3 m, setiap tambah dalam 1 m secara Manual | F55: m3 | G55: 1 | H55: 29801.937
B56: 1.2.3.1 | C56: Cara Semi Mekanis
B57: 1.2.3.2.1 | D57: Penggalian 1 m3 tanah berbatu sedalam > 0 s.d 1 m secara semi mekanis | F57: m3 | G57: 0.99333333 | H57: 99336.871
B58: 1.2.3.2.2 | D58: Penggalian 1 m3 tanah berbatu sedalam > 1 s.d 2 m secara semi mekanis | F58: m3 | G58: 0.99333333 | H58: 120633.23
B59: 1.2.3.2.3 | D59: Penggalian 1 m3 tanah berbatu sedalam > 2 s.d 3 m secara semi mekanis | F59: m3 | G59: 0.99333333 | H59: 146149.4
B60: 1.2.3.2.4 | D60: Penggalian 1 m3 tanah berbatu sedalam > 3 , setiap tambahan dalam 1 m secara semi mekanis | F60: m3 | G60: 0.99333333 | H60: 32115.177
B61: 1.2.4 | C61: TANAH KERAS ATAU CADAS
B62: 1.2.4.1 | C62: Cara Manual
B63: 1.2.4.1.1 | D63: Penggalian 1 m3 cadas atau tanah keras sedalam > 0 s.d 1 m untuk volume s.d 200m3 secara manual | F63: m3 | G63: 1 | H63: 297743.97
B64: 1.2.4.1.2 | D64: Penggalian 1 m3 cadas atau tanah keras sedalam > 0 s.d 1 m untuk volume > 200 m3 secara manual | F64: m3 | G64: 1 | H64: 233744.98
B65: 1.2.4.1.3 | D65: Penggalian 1 m3 cadas atau tanah keras sedalam > 1 s.d 2 m untuk volume s.d 200 m3 secara manual | F65: m3 | G65: 1 | H65: 293431.47
B66: 1.2.4.1.4 | D66: Penggalian 1 m3 cadas atau tanah keras sedalam > 1 s.d 2 m untuk volume > 200 m3 secara manual | F66: m3 | G66: 1 | H66: 296316.4
B67: 1.2.4.1.5 | D67: Penggalian 1 m3 cadas atau tanah keras sedalam > 2 s.d 3 m untuk volume >s.d 200 m3 secara manual | F67: m3 | G67: 1 | H67: 319306.47
B68: 1.2.4.1.6 | D68: Penggalian 1 m3 cadas atau tanah keras sedalam > 3 m tiap tambahan dalam 1 m secara manual | F68: m3 | G68: 1 | H68: 21287.098
B69: 1.2.4.2 | C69: Cara Semi Mekanis
B70: 1.2.4.2.1 | D70: Penggalian 1 m3 cadas atau tanah keras sedalam > 0 s.d 1 m secara semi mekanis | F70: m3 | G70: 0.99333333 | H70: 77431.711
B71: 1.2.4.2.2 | D71: Penggalian 1 m3 cadas atau tanah keras sedalam > 1 s.d 2 m secara semi mekanis | F71: m3 | G71: 0.99333333 | H71: 94886.907
B72: 1.2.4.2.3 | D72: Penggalian 1 m3 cadas atau tanah keras sedalam > 2 s.d 3 m secara semi mekanis | F72: m3 | G72: 0.99333333 | H72: 115830.78
B73: 1.2.4.2.4 | D73: Penggalian 1 m3 cadas atau tanah keras sedalam > 3 m tiap tambahan dalam 1 m secara semi mekanis | F73: m3 | G73: 0.99333333 | H73: 23137.69
B74: 1.2.5 | C74: LUMPUR
B75: 1.2.5.1 | C75: Cara Manual
B76: 1.2.5.1.1 | D76: Penggalian 1 m3 galian lumpur sedalam >0 s.d 1 m untuk volume s.d 200 m3 secara manual | F76: m3 | G76: 1 | H76: 238195.18
B77: 1.2.5.1.2 | D77: Penggalian 1 m3 galian lumpur sedalam >0 s.d 1 m untuk volume > 200 m3 secara manual | F77: m3 | G77: 1 | H77: 176682.91
B78: 1.2.5.1.3 | D78: Penggalian 1 m3 galian lumpur sedalam > 1 m s.d 2 m untuk volume s.d 200 m3 secara manual | F78: m3 | G78: 1 | H78: 285834.21
B79: 1.2.5.1.4 | D79: Penggalian 1 m3 galian lumpur sedalam > 1 m s.d 2 m untuk volume > 200 m3 secara manual | F79: m3 | G79: 1 | H79: 212870.98
B80: 1.2.5.1.5 | D80: Penggalian 1 m3 galian lumpur sedalam > 2 m s.d 3 m secara manual | F80: m3 | G80: 1 | H80: 244801.63
B81: 1.2.5.1.6 | D81: Penggalian 1 m3 galian lumpur sedalam > 3 m setiap tambahan dalam 1 m secara manual | F81: m3 | G81: 1 | H81: 31930.647
B82: 1.2.5.2 | C82: Cara Semi Mekanis
B83: 1.2.5.2.1 | D83: Penggalian 1 m3 lumpur sedalam >0 s.d 1 m secara semi mekanis | F83: m3 | G83: 0.97333333 | H83: 60246.711
B84: 1.2.5.2.2 | D84: Penggalian 1 m3 lumpur sedalam > 1 m s.d 2 m secara semi mekanis | F84: m3 | G84: 0.97333333 | H84: 94105.866
B85: 1.2.5.2.3 | D85: Penggalian 1 m3 lumpur sedalam > 2 m s.d 3 m secara semi mekanis | F85: m3 | G85: 0.97333333 | H85: 79280.755
B86: 1.2.5.2.4 | D86: Penggalian 1 m3 lumpur sedalam > 3 m setiap tambah kedalaman 1 m secara semi mekanis | F86: m3 | G86: 0.97333333 | H86: 7920.4897
B87: 1.3 | C87: PEKERJAAN TIMBUNAN DAN PEMADATAN
B88: 1.3.1 | C88: TIMBUNAN ATAU UKURAN SECARA MANUAL
B89: 1.3.1.1 | D89: 1 m3 urukan kembali galian tanah ( >0 s.d 200 m3) tanpa pemadatan secara manual | F89: m3 | G89: 1 | H89: 99247.99
B90: 1.3.1.2 | D90: 1 m3 urukan pasir uruk untuk volume s.d 200 m3 tanpa pemadatan secara manual | F90: m3 | G90: 0.96666667 | H90: 312548.79
B91: 1.3.1.3 | D91: 1 m3 urukan pasir uruk untuk volume > 200 m3 tanpa pemadatan secara manual | F91: m3 | G91: 0.96666667 | H91: 266836.61
B92: 1.3.1.4 | D92: 1 m3 urukan tanah biasa atau tanah liat berpasir tanpa pemadatan secara manual | F92: m3 | G92: 0.99333333 | H92: 115203.76
B93: 1.3.1.5 | D93: 1 m3 Urukan tanah liat (lempung) tanpa pemadatan secara manual | F93: m3 | G93: 0.99333333 | H93: 135283.87
B94: 1.3.1.6 | D94: 1m3 Urukan Batu Kerikil Tanpa Pemadatan secara manual | F94: m3 | G94: 0.97 | H94: 709298.79
B95: 1.3.1.7 | D95: 1 m3 Urukan tanah subur tanpa pemadatan secara manual | F95: m3 | G95: 0.99333333 | H95: 126632.13
B96: 1.3.2 | C96: Pemadatan Secara Menual
B97: 1.3.2.1 | D97: 1 m3 pemadatan tanah per 20 cm menggunakan alat timbris secara manual | F97: m3 | G97: 1 | H97: 99247.99
B98: 1.3.2.2 | D98: 1 m3 timbunan dan pemadatan sirtu secara manual | F98: m3 | G98: 0.97666667 | H98: 146367.74
B99: 1.3.3 | C99: Pemadatan Secara Semi- Mekanis
B100: 1.3.3.1 | D100: 1 m3 Pemadatan tanah setebal 10 cm menggunakan mesin Stemper kuda semi mekanis | F100: m3 | G100: 0.92 | H100: 32839.631
B101: 1.3.3.2 | D101: 1 m3 Pemadatan pasir setebal 15 cm menggunakan mesin Stamper kodok semi mekanis | F101: m3 | G101: 0.92 | H101: 24480.452
B102: 1.3.3.3 | D102: 1 m3 Pemadatan pasir setebal 20 cm menggunakan mesin Stamper VRR-550 kg semi mekanis | F102: m3 | G102: 0.92 | H102: 7804.7435
B103: 1.3.3.4 | D103: 1 m3 Pemadatan pasir setebal 20 cm menggunakan mesin Stamper VRR-1,5 Ton semi mekanis | F103: m3 | G103: 0.92 | H103: 3795.7496
...

Sheet AHSP
B3: AHSP (ANALISA HARGA SATUAN PEKERJAAN)
B5: Surat Edaran Direktur Jenderal Bina Konstruksi Nomor 182/SE/Dk/2025
B7: NO | C7: URAIAN | E7: KODE | F7: SAT. | G7: KOEF. | H7: HARGA SATUAN | I7: UPAH (Rp) | J7: BAHAN (Rp) | K7: ALAT (Rp) | L7: PROFIT | M7: TOTAL (Rp) | N7: TKDN
B8: Column1 | C8: Column2 | D8: Column3 | E8: Column4 | F8: Column5 | G8: Column6 | H8: Column7 | I8: Column8 | J8: Column9 | K8: Column10 | L8: Column11 | M8: Column12 | N8: Column13 | O8: Column14 | P8: Column15
B9: 1 | C9: PERSIAPAN LAPANGAN / SITE WORK | P9: ,..,
B10: 1.1 | C10: PEKERJAAN PERSIAPAN | P10: ,..,
B11: 1.1.1 | C11: PEMBUATAN PAGAR PROYEK | P11: ,..,
B12: 1.1.1.1 | D12: Pembuatan 1 m’ pagar sementara dari kayu tinggi 2 meter | F12: m' | I12: 181313.12 | J12: 296221.16 | K12: 0 | L12: 0.15 | M12: 549164.42 | N12: 0.97230769 | P12: ,..,
D13: Pekerja | E13: L.01 | F13: OH | G13: 0.6 | H13: 160105.2 | I13: 96063.12 | N13: 1 | P13: ,..,
D14: Tukang kayu | E14: L.02b | F14: OH | G14: 0.2 | H14: 185000 | I14: 37000 | N14: 1 | P14: ,..,
D15: Tukang batu | E15: L.02a | F15: OH | G15: 0.2 | H15: 185000 | I15: 37000 | N15: 1 | P15: ,..,
D16: Kepala tukang | E16: L.03 | F16: OH | G16: 0.04 | H16: 200000 | I16: 8000 | N16: 1 | P16: ,..,
D17: Mandor | E17: L.04 | F17: OH | G17: 0.013 | H17: 250000 | I17: 3250 | N17: 1 | P17: ,..,
D18: Kaso 5/7 kayu kelas II | E18: A.7.9 | F18: m3 | G18: 0.0387 | H18: 2500000 | J18: 96750 | N18: 1 | P18: ,..,
D19: Papan Kayu ukuran 2/20 cm | E19: A.7.5 | F19: m3 | G19: 0.0396 | H19: 2500000 | J19: 99000 | N19: 0.97 | P19: ,..,
D20: Paku biasa 5 inchi | E20: B.9.2 | F20: kg | G20: 0.5872 | H20: 18000 | J20: 10569.6 | N20: 0.96 | P20: ,..,
D21: Semen Portland (PC) | E21: B.1.2 | F21: kg | G21: 26.406 | H21: 1310 | J21: 34591.86 | N21: 0.96 | P21: ,..,
D22: Pasir Beton | E22: A.4.2 | F22: kg | G22: 61.56 | H22: 357.14286 | J22: 21985.714 | N22: 0.93 | P22: ,..,
D23: Kerikil (kg) | E23: A.1.7 | F23: kg | G23: 83.349 | H23: 370.37037 | J23: 30870 | N23: 0.91 | P23: ,..,
D24: Air | E24: A.8.1 | F24: liter | G24: 17.415 | H24: 3.1 | J24: 53.9865 | N24: 0.94 | P24: ,..,
D25: Residu | E25: B.4.20 | F25: liter | G25: 0.4 | H25: 6000 | J25: 2400 | N25: 0.97 | P25: ,..,
D26: (Lihat Permen PUPR Nomor 8 Tahun 2023 Lampiran B U.1.1.1 (c)) | P26: ,..,
B27: 1.1.1.2 | D27: Pembuatan 1 m’ pagar sementara dari seng gelombang rangka kayu tinggi 2 meter | F27: m' | I27: 93276.3 | J27: 269814.36 | K27: 0 | L27: 0.15 | M27: 417554.26 | N27: 0.97083333 | P27: ,..,
D28: Pekerja | E28: L.01 | F28: OH | G28: 0.25 | H28: 160105.2 | I28: 40026.3 | N28: 1 | P28: ,..,
D29: Tukang kayu | E29: L.02b | F29: OH | G29: 0.125 | H29: 185000 | I29: 23125 | N29: 1 | P29: ,..,
D30: Tukang batu | E30: L.02a | F30: OH | G30: 0.125 | H30: 185000 | I30: 23125 | N30: 1 | P30: ,..,
D31: Kepala tukang | E31: L.03 | F31: OH | G31: 0.025 | H31: 200000 | I31: 5000 | N31: 1 | P31: ,..,
D32: Mandor | E32: L.04 | F32: OH | G32: 0.008 | H32: 250000 | I32: 2000 | N32: 1 | P32: ,..,
D33: Kaso 5/7 kayu kelas II | E33: A.7.9 | F33: m3 | G33: 0.031 | H33: 2500000 | J33: 77500 | N33: 1 | P33: ,..,
D34: Seng gelombang | E34: B.2.4 | F34: lembar | G34: 1.3125 | H34: 74000 | J34: 97125 | N34: 0.95 | P34: ,..,
D35: Paku biasa 5 inchi | E35: B.9.2 | F35: kg | G35: 0.4271 | H35: 18000 | J35: 7687.8 | N35: 0.96 | P35: ,..,
D36: Semen Portland (PC) | E36: B.1.2 | F36: kg | G36: 26.406 | H36: 1310 | J36: 34591.86 | N36: 0.96 | P36: ,..,
D37: Pasir Beton | E37: A.4.2 | F37: kg | G37: 61.56 | H37: 357.14286 | J37: 21985.714 | N37: 0.93 | P37: ,..,
D38: Kerikil (kg) | E38: A.1.7 | F38: kg | G38: 83.349 | H38: 370.37037 | J38: 30870 | N38: 0.91 | P38: ,..,
D39: Air | E39: A.8.1 | F39: liter | G39: 17.415 | H39: 3.1 | J39: 53.9865 | N39: 0.94 | P39: ,..,
D40: (Lihat Permen PUPR Nomor 8 Tahun 2023 Lampiran B U.1.1.2 (c)) | P40: ,..,
B41: 1.1.1.3 | D41: Pembuatan 1 m’ pagar sementara dari kawat duri tinggi 2 meter | F41: m' | I41: 114992.4 | J41: 258524.19 | K41: 0 | L41: 0.15 | M41: 429544.08 | N41: 0.97 | P41: ,..,
D42: Pekerja | E42: L.01 | F42: OH | G42: 0.308 | H42: 160105.2 | I42: 49312.402 | N42: 1 | P42: ,..,
D43: Tukang kayu | E43: L.02b | F43: OH | G43: 0.154 | H43: 185000 | I43: 28490 | N43: 1 | P43: ,..,
D44: Tukang batu | E44: L.02a | F44: OH | G44: 0.154 | H44: 185000 | I44: 28490 | N44: 1 | P44: ,..,
D45: Kepala tukang | E45: L.03 | F45: OH | G45: 0.031 | H45: 200000 | I45: 6200 | N45: 1 | P45: ,..,
D46: Mandor | E46: L.04 | F46: OH | G46: 0.01 | H46: 250000 | I46: 2500 | N46: 1 | P46: ,..,
D47: Kaso 5/7 kayu kelas II | E47: A.7.9 | F47: m3 | G47: 0.0139 | H47: 2500000 | J47: 34750 | N47: 1 | P47: ,..,
D48: Kawat duri | E48: B.14.184 | F48: m' | G48: 20.4457 | H48: 6250 | J48: 127785.62 | N48: 0.94 | P48: ,..,
D49: Paku biasa 5 inchi | E49: B.9.2 | F49: kg | G49: 0.4715 | H49: 18000 | J49: 8487 | N49: 0.96 | P49: ,..,
D50: Semen Portland (PC) | E50: B.1.2 | F50: kg | G50: 26.406 | H50: 1310 | J50: 34591.86 | N50: 0.96 | P50: ,..,
D51: Pasir Beton | E51: A.4.2 | F51: kg | G51: 61.56 | H51: 357.14286 | J51: 21985.714 | N51: 0.93 | P51: ,..,
D52: Kerikil (kg) | E52: A.1.7 | F52: Kg | G52: 83.349 | H52: 370.37037 | J52: 30870 | N52: 0.91 | P52: ,..,
D53: Air | E53: A.8.1 | F53: liter | G53: 17.415 | H53: 3.1 | J53: 53.9865 | N53: 0.94 | P53: ,..,
D54: (Lihat Permen PUPR Nomor 8 Tahun 2023 Lampiran B U.1.1.3 (c)) | P54: ,..,
B55: 1.1.1.4 | D55: Pembuatan 1 m’ pagar sementara seng gelombang rangka baja L.40.40.4 tinggi pagar 1.8 meter | F55: m' | I55: 74021.04 | J55: 395477.27 | K55: 0 | L55: 0.15 | M55: 539923.06 | N55: 0.97375 | P55: ,..,
D56: Pekerja | E56: L.01 | F56: OH | G56: 0.2 | H56: 160105.2 | I56: 32021.04 | N56: 1 | P56: ,..,
D57: Tukang besi | E57: L.02c | F57: OH | G57: 0.1 | H57: 185000 | I57: 18500 | N57: 1 | P57: ,..,
D58: Tukang batu | E58: L.02a | F58: OH | G58: 0.1 | H58: 185000 | I58: 18500 | N58: 1 | P58: ,..,
D59: Mandor | E59: L.04 | F59: OH | G59: 0.02 | H59: 250000 | I59: 5000 | N59: 1 | P59: ,..,
D60: Seng gelombang bjls 30 panjang 180 cm | E60: B.2.4 | F60: lembar | G60: 1.2 | H60: 74000 | J60: 88800 | N60: 0.95 | P60: ,..,
D61: Baja L 40.40.4 | E61: B.14.244 | F61: kg | G61: 13.5 | H61: 7348.6185 | J61: 99206.349 | N61: 0.94 | P61: ,..,
D62: Kawat seng 3mm | E62: B.14.182 | F62: kg | G62: 0.3 | H62: 78000 | J62: 23400 | N62: 0.98 | P62: ,..,
D63: Pasangan batu ukuran 20/50 t=40cm | E63: A.7.25 | F63: m3 | G63: 0.15 | H63: 1227139.5 | J63: 184070.92 | N63: 0.92 | P63: ,..,
D64: *) Dapat dimasukan dalam biaya Mobilisasi dan Demobilisasi | P64: ,..,
D65: (Lihat Permen PUPR Nomor 8 Tahun 2023 Lampiran B U.1.1.4 (a)) | P65: ,..,
B66: 1.1.1.5 | D66: Pembuatan 1 m2 pagar BRC Galvanis | F66: m2 | I66: 15174.418 | J66: 3941.11 | K66: 0 | L66: 0.15 | M66: 21982.858 | N66: 1 | P66: ,..,
D67: Pekerja | E67: L.01 | F67: OH | G67: 0.042 | H67: 160105.2 | I67: 6724.4184 | N67: 1 | P67: ,..,
D68: Tukang kayu | E68: L.02b | F68: OH | G68: 0.04 | H68: 185000 | I68: 7400 | N68: 1 | P68: ,..,
D69: Kepala tukang | E69: L.03 | F69: OH | G69: 0.004 | H69: 200000 | I69: 800 | N69: 1 | P69: ,..,
D70: Mandor | E70: L.04 | F70: OH | G70: 0.001 | H70: 250000 | I70: 250 | N70: 1 | P70: ,..,
D71: Kawat jaring panjang 240 cm | E71: B.14.91 | F71: lembar | G71: 0.01649 | H71: 239000 | J71: 3941.11 | N71: 1 | P71: ,..,
D72: (Lihat Permen PUPR Nomor 8 Tahun 2023 Lampiran B U.1.1.6 (c)) | P72: ,..,
B73: 1.1.1.6 | D73: Pemasangan 1 m2 panel beton pracetak 50x50x240 untuk pagar | F73: m2 | I73: 88154.45 | J73: 161650 | K73: 0 | L73: 0.15 | M73: 287275.12 | N73: 0.99 | P73: ,..,
D74: Pekerja | E74: L.01 | F74: OH | G74: 0.375 | H74: 160105.2 | I74: 60039.45 | N74: 1 | P74: ,..,
D75: Tukang batu | E75: L.02a | F75: OH | G75: 0.125 | H75: 185000 | I75: 23125 | N75: 1 | P75: ,..,
D76: Kepala tukang | E76: L.03 | F76: OH | G76: 0.0012 | H76: 200000 | I76: 240 | N76: 1 | P76: ,..,
D77: Mandor | E77: L.04 | F77: OH | G77: 0.019 | H77: 250000 | I77: 4750 | N77: 1 | P77: ,..,
D78: Panel beton pracetak | F78: lembar | G78: 0.986 | P78: ,..,
D79: Kolom beton pracetak | F79: batang | G79: 0.525 | P79: ,..,
D80: Semen Portland (PC) | E80: B.1.2 | F80: kg | G80: 45 | H80: 1310 | J80: 58950 | N80: 0.96 | P80: ,..,
D81: Pasir Beton (m3) | E81: A.4.1 | F81: m3 | G81: 0.074 | H81: 500000 | J81: 37000 | N81: 1 | P81: ,..,
D82: Kerikil | E82: A.1.6 | F82: m3 | G82: 0.146 | H82: 450000 | J82: 65700 | N82: 0.97 | P82: ,..,
D83: (Lihat Permen PUPR Nomor 8 Tahun 2023 Lampiran B U.1.1.7 (c)) | P83: ,..,
B84: 1.1.2 | C84: ALAT DAN/ATAU SARANA PENUNJANG | P84: ,..,
B85: 1.1.2.1 | D85: 1 buah papan nama pekerjaan ukuran 0.8x1.2 menggunakan multiflex 18 mm, frame besi siku dan tiang kayu 8/12 | F85: bh | I85: 667605.2 | J85: 557749.83 | K85: 0 | L85: 0.15 | M85: 1409158.3 | N85: 0.977 | P85: ,..,
D86: Pekerja | E86: L.01 | F86: OH | G86: 1 | H86: 160105.2 | I86: 160105.2 | N86: 1 | P86: ,..,
D87: Tukang kayu | E87: L.02b | F87: OH | G87: 1 | H87: 185000 | I87: 185000 | N87: 1 | P87: ,..,
D88: Kepala tukang | E88: L.03 | F88: OH | G88: 0.1 | H88: 200000 | I88: 20000 | N88: 1 | P88: ,..,
D89: Tukang cat / pelitur | E89: L.02j | F89: OH | G89: 1.5 | H89: 185000 | I89: 277500 | N89: 1 | P89: ,..,
D90: Mandor | E90: L.04 | F90: OH | G90: 0.1 | H90: 250000 | I90: 25000 | N90: 1 | P90: ,..,
D91: Multiplek tebal 18 mm | E91: B.3.1 | F91: lembar | G91: 0.35 | H91: 280000 | J91: 98000 | N91: 0.92 | P91: ,..,
D92: Tiang kayu 8/12 kelas II tinggi 4m | E92: A.7.7 | F92: m3 | G92: 0.077 | H92: 2500000 | J92: 192500 | N92: 0.99 | P92: ,..,
D93: Frame besi L.30.30.3 | E93: B.14.240 | F93: kg | G93: 5.8 | H93: 2974.1084 | J93: 17249.829 | N93: 0.98 | P93: ,..,
D94: Paku campuran 5 cm + 7 cm | E94: B.9.1 | F94: kg | G94: 1.25 | H94: 28000 | J94: 35000 | N94: 0.94 | P94: ,..,
D95: Cat kayu | E95: B.4.59 | F95: kg | G95: 2.5 | H95: 86000 | J95: 215000 | N95: 0.94 | P95: ,..,
D96: *) Sesuai kebutuhan cat labur/tulis dan/atau cat semprot **) Koefisien disesuaikan dengan kebutuhan, dalam contoh ini papan nama ukuran 0,8 x 1,2 m2 ***) Disesuaikan kebutuhan, misalnya dapat menggunakan frame kayu atau allumunium | P96: ,..,
D97: (Lihat Permen PUPR Nomor 8 Tahun 2023 Lampiran B U.1.3.f.1 (a)) | P97: ,..,
B98: 1.1.2.2 | D98: 1 buah papan nama pekerjaan ukuran 0.6x08 menggunakan multiplex 10 mm, frame allumunium siku dan tiang kayu 5/7, printing banner plastik | F98: bh | I98: 297578.9 | J98: 272720 | K98: 0 | L98: 0.15 | M98: 655843.73 | N98: 0.96 | P98: ,..,
D99: Pekerja | E99: L.01 | F99: OH | G99: 0.75 | H99: 160105.2 | I99: 120078.9 | N99: 1 | P99: ,..,
D100: Tukang kayu | E100: L.02b | F100: OH | G100: 0.75 | H100: 185000 | I100: 138750 | N100: 1 | P100: ,..,
D101: Kepala tukang | E101: L.03 | F101: OH | G101: 0.1 | H101: 200000 | I101: 20000 | N101: 1 | P101: ,..,
D102: Mandor | E102: L.04 | F102: OH | G102: 0.075 | H102: 250000 | I102: 18750 | N102: 1 | P102: ,..,
D103: Multiplek tebal 9 mm | E103: B.3.11 | F103: lembar | G103: 0.18 | H103: 104000 | J103: 18720 | N103: 0.91 | P103: ,..,
D104: Tiang kayu 5/7 kelas II tinggi 3m | E104: A.7.15 | F104: m3 | G104: 0.021 | H104: 2000000 | J104: 42000 | N104: 0.95 | P104: ,..,
...

Sheet RAB_PEMBUATAN SANITASI
B2: Rencana Anggaran Biaya (RAB)
B4: PROGRAM | D4: : | E4: -
B5: KEGIATAN | D5: : | E5: PEMBUATAN SANITASI
B6: SUB. KEGIATAN | D6: : | E6: -
B7: PEKERJAAN | D7: : | E7: PEKERJAAN PEMBUATAN SANITASI
B8: LOKASI | D8: : | E8: KOTA KOTAMOBAGU
B9: TAHUN ANGGARAN | D9: : | E9: 2026
B11: NO | C11: JENIS PEKERJAAN | F11: SAT | G11: VOL | H11: HARGA SATUAN (Rp) | I11: JUMLAH HARGA (Rp) | J11: NILAI TKDN (%) | K11: JUMLAH HARGA TKDN (Rp)
B12: Column1 | C12: Column2 | E12: Column3 | F12: Column4 | G12: Column5 | H12: Column6 | I12: Column7 | J12: Column8 | K12: Column9 | L12: Column14 | M12: Column15
B13: 1 | C13: 2 | F13: 3 | G13: 4 | H13: 5 | I13: 6 | J13: 7 | K13: 8 | M13: ,..,
B14: A | C14: PEKERJAAN PERSIAPAN | M14: ,.., | N14: =IFERROR(IF(P14="","",_xlfn.XLOOKUP(P14, HSP!D:D, HSP!B:B)),"")
B15: 1 | C15: Papan Nama Kegiatan | G15: 1 | H15: 200000 | I15: =IFERROR($G15*$H15,"") -> 200000 | M15: ,.., | N15: =IFERROR(IF(P15="","",_xlfn.XLOOKUP(P15, HSP!D:D, HSP!B:B)),"") | P15: Papan Nama Kegiatan
M16: ,.., | N16: =IFERROR(IF(P16="","",_xlfn.XLOOKUP(P16, HSP!D:D, HSP!B:B)),"")
B17: B | C17: PEKERJAAN PERLENGKAPAN K3 | M17: ,.., | N17: =IFERROR(IF(P17="","",_xlfn.XLOOKUP(P17, HSP!D:D, HSP!B:B)),"")
B18: 1 | C18: Pengadaan Spanduk | G18: 1 | H18: 200000 | I18: =IFERROR($G18*$H18,"") -> 200000 | M18: ,.., | N18: =IFERROR(IF(P18="","",_xlfn.XLOOKUP(P18, HSP!D:D, HSP!B:B)),"") | P18: Pengadaan Spanduk K3
B19: 2 | C19: Pengadaan Helm Safety | G19: 3 | H19: 50000 | I19: =IFERROR($G19*$H19,"") -> 150000 | M19: ,.., | N19: =IFERROR(IF(P19="","",_xlfn.XLOOKUP(P19, HSP!D:D, HSP!B:B)),"") | P19: Pengadaan Helm Safety
B20: 3 | C20: Pengadaan Rompi Safety | G20: 3 | H20: 50000 | I20: =IFERROR($G20*$H20,"") -> 150000 | M20: ,.., | N20: =IFERROR(IF(P20="","",_xlfn.XLOOKUP(P20, HSP!D:D, HSP!B:B)),"") | P20: Pengadaan Rompi Safety
B21: 4 | C21: Pengadaan Sepatu Boots | G21: 3 | H21: 120000 | I21: =IFERROR($G21*$H21,"") -> 360000 | M21: ,.., | N21: =IFERROR(IF(P21="","",_xlfn.XLOOKUP(P21, HSP!D:D, HSP!B:B)),"") | P21: Pengadaan Sepatu Boots
B22: 1 | C22: 1 | M22: ,.., | N22: =IFERROR(IF(P22="","",_xlfn.XLOOKUP(P22, HSP!D:D, HSP!B:B)),"")
B23: C | C23: PEKERJAAN TANKI SEPTIK INDIVIDUAL | M23: ,.., | N23: =IFERROR(IF(P23="","",_xlfn.XLOOKUP(P23, HSP!D:D, HSP!B:B)),"")
B24: 1 | C24: Dinding Batu Bata | F24: =IFERROR(VLOOKUP($N24,hsp,5,0),"") -> m3 | G24: 5.275 | H24: =IFERROR(VLOOKUP($N24,hsp,7,0),"") -> 143687.91 | I24: =IFERROR($G24*$H24,"") -> 757953.73 | M24: ,.., | N24: =IFERROR(IF(P24="","",_xlfn.XLOOKUP(P24, HSP!D:D, HSP!B:B)),"") -> 1.2.1.1.5 | P24: Penggalian 1 m3 tanah biasa sedalam > 1 s.d. 2 m untuk volume > 200 m3 secara manual
B25: 2 | C25: Plesteran | F25: =IFERROR(VLOOKUP($N25,hsp,5,0),"") -> m3 | G25: 0.1625 | H25: =IFERROR(VLOOKUP($N25,hsp,7,0),"") -> 266836.61 | I25: =IFERROR($G25*$H25,"") -> 43360.95 | M25: ,.., | N25: =IFERROR(IF(P25="","",_xlfn.XLOOKUP(P25, HSP!D:D, HSP!B:B)),"") -> 1.3.1.3 | P25: 1 m3 urukan pasir uruk untuk volume > 200 m3 tanpa pemadatan secara manual
B26: 3 | C26: Acian | F26: =IFERROR(VLOOKUP($N26,hsp,5,0),"") -> m3 | G26: 0.7775 | H26: =IFERROR(VLOOKUP($N26,hsp,7,0),"") -> 266836.61 | I26: =IFERROR($G26*$H26,"") -> 207465.47 | M26: ,.., | N26: =IFERROR(IF(P26="","",_xlfn.XLOOKUP(P26, HSP!D:D, HSP!B:B)),"") -> 1.3.1.3 | P26: 1 m3 urukan pasir uruk untuk volume > 200 m3 tanpa pemadatan secara manual
B27: 4 | C27: Pengecetan Exterior | F27: =IFERROR(VLOOKUP($N27,hsp,5,0),"") -> m3 | G27: 0.1625 | H27: =IFERROR(VLOOKUP($N27,hsp,7,0),"") -> 1622459.3 | I27: =IFERROR($G27*$H27,"") -> 263649.64 | M27: ,.., | N27: =IFERROR(IF(P27="","",_xlfn.XLOOKUP(P27, HSP!D:D, HSP!B:B)),"") -> 2.2.1.4.4 | P27: 1 m3 beton mutu rendah f'c 17 MPa, slump (100 ± 25) mm, agregat maks 19 mm secara manual
B28: 5 | C28: Dinding Batu Bata | F28: =IFERROR(VLOOKUP($N28,hsp,5,0),"") -> m2 | G28: 9.4075 | H28: =IFERROR(VLOOKUP($N28,hsp,7,0),"") -> 178282.02 | I28: =IFERROR($G28*$H28,"") -> 1677188.1 | M28: ,.., | N28: =IFERROR(IF(P28="","",_xlfn.XLOOKUP(P28, HSP!D:D, HSP!B:B)),"") -> 3.6.1.9 | P28: Pemasangan 1 m2 dinding bata merah tebal 1/2 batu dengan mortar tipe O,fc’ 2,4 MPa (Setara Campuran 1SP : 5PP)
B29: 6 | C29: Plesteran | F29: =IFERROR(VLOOKUP($N29,hsp,5,0),"") -> m3 | G29: 0.09 | H29: =IFERROR(VLOOKUP($N29,hsp,7,0),"") -> 1622459.3 | I29: =IFERROR($G29*$H29,"") -> 146021.34 | M29: ,.., | N29: =IFERROR(IF(P29="","",_xlfn.XLOOKUP(P29, HSP!D:D, HSP!B:B)),"") -> 2.2.1.4.4 | P29: 1 m3 beton mutu rendah f'c 17 MPa, slump (100 ± 25) mm, agregat maks 19 mm secara manual
B30: 7 | C30: Cor Sloof Beton | F30: =IFERROR(VLOOKUP($N30,hsp,5,0),"") -> m3 | G30: 0.045 | H30: =IFERROR(VLOOKUP($N30,hsp,7,0),"") -> 1622459.3 | I30: =IFERROR($G30*$H30,"") -> 73010.67 | M30: ,.., | N30: =IFERROR(IF(P30="","",_xlfn.XLOOKUP(P30, HSP!D:D, HSP!B:B)),"") -> 2.2.1.4.4 | P30: 1 m3 beton mutu rendah f'c 17 MPa, slump (100 ± 25) mm, agregat maks 19 mm secara manual
B31: 8 | C31: Cor Kolom Beton | F31: =IFERROR(VLOOKUP($N31,hsp,5,0),"") -> m3 | G31: 0.35 | H31: =IFERROR(VLOOKUP($N31,hsp,7,0),"") -> 1622459.3 | I31: =IFERROR($G31*$H31,"") -> 567860.76 | M31: ,.., | N31: =IFERROR(IF(P31="","",_xlfn.XLOOKUP(P31, HSP!D:D, HSP!B:B)),"") -> 2.2.1.4.4 | P31: 1 m3 beton mutu rendah f'c 17 MPa, slump (100 ± 25) mm, agregat maks 19 mm secara manual
B32: 9 | C32: Tanki Septic Prabrikasi | F32: Unit | G32: 1 | H32: 4700000 | I32: =IFERROR($G32*$H32,"") -> 4700000 | M32: ,.., | N32: =IFERROR(IF(P32="","",_xlfn.XLOOKUP(P32, HSP!D:D, HSP!B:B)),"") | P32: Tanki Septic Prabrikasi
M33: ,.., | N33: =IFERROR(IF(P33="","",_xlfn.XLOOKUP(P33, HSP!D:D, HSP!B:B)),"")
B34: D | C34: PEKERJAAN JARINGAN PIPA | M34: ,.., | N34: =IFERROR(IF(P34="","",_xlfn.XLOOKUP(P34, HSP!D:D, HSP!B:B)),"")
B35: 1 | C35: Galian tanah | F35: m' | G35: 0.72 | H35: 143687.91 | I35: =IFERROR($G35*$H35,"") -> 103455.3 | M35: ,.., | N35: =IFERROR(IF(P35="","",_xlfn.XLOOKUP(P35, HSP!D:D, HSP!B:B)),"") -> 1.2.1.1.5 | P35: Penggalian 1 m3 tanah biasa sedalam > 1 s.d. 2 m untuk volume > 200 m3 secara manual
B36: 2 | C36: Pemasangan Pipa PVC 4" | F36: m' | G36: 3 | H36: 146185.63 | I36: =IFERROR($G36*$H36,"") -> 438556.89 | M36: ,.., | N36: =IFERROR(IF(P36="","",_xlfn.XLOOKUP(P36, HSP!D:D, HSP!B:B)),"") -> 6.4.1.22 | P36: Pemasangan 1 m pipa PVC D, DN. 4" (100 mm)
B37: 3 | C37: Pemasangan Pipa PVC 1" Ventilasi | F37: m' | G37: 2 | H37: 62981.743 | I37: =IFERROR($G37*$H37,"") -> 125963.49 | M37: ,.., | N37: =IFERROR(IF(P37="","",_xlfn.XLOOKUP(P37, HSP!D:D, HSP!B:B)),"") -> 5.5.4.13 | P37: Pemasangan 1 m' pipa PVC AW, DN. 1" (25 mm) + Isolasi
B38: 4 | C38: Urugan Tanah Kembali | F38: m' | G38: 0.18 | H38: 99247.99 | I38: =IFERROR($G38*$H38,"") -> 17864.638 | M38: ,.., | N38: =IFERROR(IF(P38="","",_xlfn.XLOOKUP(P38, HSP!D:D, HSP!B:B)),"") -> 1.3.1.1 | P38: 1 m3 urukan kembali galian tanah ( >0 s.d 200 m3) tanpa pemadatan secara manual
B39: 5 | C39: Pemasangan Pipa PVC 2" | F39: m' | G39: 1 | H39: 60724.049 | I39: =IFERROR($G39*$H39,"") -> 60724.049 | M39: ,.., | N39: =IFERROR(IF(P39="","",_xlfn.XLOOKUP(P39, HSP!D:D, HSP!B:B)),"") -> 9.1.1.22 | P39: Pemasangan 1 m Pipa PVC, DN. 2" (50 mm)
B40: 6 | C40: Aksesoris Pipa | F40: Bh | G40: 2 | H40: 25000 | I40: =IFERROR($G40*$H40,"") -> 50000 | M40: ,.., | N40: =IFERROR(IF(P40="","",_xlfn.XLOOKUP(P40, HSP!D:D, HSP!B:B)),"") | P40: Aksesoris Pipa PVC
M41: ,.., | N41: =IFERROR(IF(P41="","",_xlfn.XLOOKUP(P41, HSP!D:D, HSP!B:B)),"")
B42: E | C42: PEKERJAAN RESAPAN | M42: ,.., | N42: =IFERROR(IF(P42="","",_xlfn.XLOOKUP(P42, HSP!D:D, HSP!B:B)),"")
B43: 1 | C43: Galian Tanah | F43: m' | G43: 0.5125 | H43: 143687.91 | I43: =IFERROR($G43*$H43,"") -> 73640.055 | M43: ,.., | N43: =IFERROR(IF(P43="","",_xlfn.XLOOKUP(P43, HSP!D:D, HSP!B:B)),"") -> 1.2.1.1.5 | P43: Penggalian 1 m3 tanah biasa sedalam > 1 s.d. 2 m untuk volume > 200 m3 secara manual
B44: 2 | C44: Urukan Pasir | F44: m' | G44: 0.065 | H44: 266836.61 | I44: =IFERROR($G44*$H44,"") -> 17344.38 | M44: ,.., | N44: =IFERROR(IF(P44="","",_xlfn.XLOOKUP(P44, HSP!D:D, HSP!B:B)),"") -> 1.3.1.3 | P44: 1 m3 urukan pasir uruk untuk volume > 200 m3 tanpa pemadatan secara manual
B45: 3 | C45: Urukan Batu T 30 cm | F45: m3 | G45: 0.255 | H45: 225000 | I45: =IFERROR($G45*$H45,"") -> 57375 | M45: ,.., | N45: =IFERROR(IF(P45="","",_xlfn.XLOOKUP(P45, HSP!D:D, HSP!B:B)),"") | P45: Urukan Batu
B46: 4 | C46: Urukan Kerikil | F46: m' | G46: 0.16 | H46: 709298.79 | I46: =IFERROR($G46*$H46,"") -> 113487.81 | M46: ,.., | N46: =IFERROR(IF(P46="","",_xlfn.XLOOKUP(P46, HSP!D:D, HSP!B:B)),"") -> 1.3.1.6 | P46: 1m3 Urukan Batu Kerikil Tanpa Pemadatan secara manual
B47: 5 | C47: Pasangan Ijuk | F47: m' | G47: 0.64 | H47: =IFERROR(VLOOKUP($N47,HSP!B:I,7,0),"") -> 307930.65 | I47: =IFERROR($G47*$H47,"") -> 197075.61 | M47: ,.., | N47: =IFERROR(IF(P47="","",_xlfn.XLOOKUP(P47, HSP!D:D, HSP!B:B)),"") -> 2.7.3 | P47: Pemasangan 1 m2 Lapisan Ijuk tebal 10 cm
B48: 6 | C48: Urukan Tanah Kembali | F48: m3 | G48: 0.065 | H48: 115203.76 | I48: =IFERROR($G48*$H48,"") -> 7488.2447 | M48: ,.., | N48: =IFERROR(IF(P48="","",_xlfn.XLOOKUP(P48, HSP!D:D, HSP!B:B)),"") -> 1.3.1.4 | P48: 1 m3 urukan tanah biasa atau tanah liat berpasir tanpa pemadatan secara manual
M49: ,.., | N49: =IFERROR(IF(P49="","",_xlfn.XLOOKUP(P49, HSP!D:D, HSP!B:B)),"")
B50: F | C50: PEKERJAAN PEMBUATAN BILIK WC | M50: ,.., | N50: =IFERROR(IF(P50="","",_xlfn.XLOOKUP(P50, HSP!D:D, HSP!B:B)),"")
B51: 1 | C51: Galian Tanah | F51: m' | G51: 1.5 | H51: =IFERROR(VLOOKUP($N51,hsp,7,0),"") -> 143687.91 | I51: =IFERROR($G51*$H51,"") -> 215531.87 | M51: ,.., | N51: =IFERROR(IF(P51="","",_xlfn.XLOOKUP(P51, HSP!D:D, HSP!B:B)),"") -> 1.2.1.1.5 | P51: Penggalian 1 m3 tanah biasa sedalam > 1 s.d. 2 m untuk volume > 200 m3 secara manual
B52: 2 | C52: Urukan Pasir Dibawah Pondasi | F52: m' | G52: 0.15 | H52: =IFERROR(VLOOKUP($N52,hsp,7,0),"") -> 266836.61 | I52: =IFERROR($G52*$H52,"") -> 40025.492 | M52: ,.., | N52: =IFERROR(IF(P52="","",_xlfn.XLOOKUP(P52, HSP!D:D, HSP!B:B)),"") -> 1.3.1.3 | P52: 1 m3 urukan pasir uruk untuk volume > 200 m3 tanpa pemadatan secara manual
B53: 3 | C53: Pemasangan Batu Kosong | F53: m3 | G53: 0.45 | H53: =IFERROR(VLOOKUP($N53,hsp,7,0),"") -> 640874.36 | I53: =IFERROR($G53*$H53,"") -> 288393.46 | M53: ,.., | N53: =IFERROR(IF(P53="","",_xlfn.XLOOKUP(P53, HSP!D:D, HSP!B:B)),"") -> 2.2.2.1.1 | P53: Pemasangan 1 m3 batu kosong (anstamping) untuk pondasi gedung
B54: 4 | C54: Pemasangan Pondasi Batu Kali | F54: m' | G54: 2.1 | H54: =IFERROR(VLOOKUP($N54,hsp,7,0),"") -> 1077191 | I54: =IFERROR($G54*$H54,"") -> 2262101 | M54: ,.., | N54: =IFERROR(IF(P54="","",_xlfn.XLOOKUP(P54, HSP!D:D, HSP!B:B)),"") -> 2.2.2.1.8 | P54: Pemasangan 1 m3 pondasi batu belah mortar tipe O 2,4 Mpa (setara 1SP : 5PP), cara manual
B55: 5 | C55: Urukan Pasir Dibawah Lantai | F55: m' | G55: 0.07 | H55: =IFERROR(VLOOKUP($N55,hsp,7,0),"") -> 266836.61 | I55: =IFERROR($G55*$H55,"") -> 18678.563 | M55: ,.., | N55: =IFERROR(IF(P55="","",_xlfn.XLOOKUP(P55, HSP!D:D, HSP!B:B)),"") -> 1.3.1.3 | P55: 1 m3 urukan pasir uruk untuk volume > 200 m3 tanpa pemadatan secara manual
B56: 6 | C56: Urugan Tanah Pilihan | F56: m3 | G56: 0.43 | H56: =IFERROR(VLOOKUP($N56,hsp,7,0),"") -> 115203.76 | I56: =IFERROR($G56*$H56,"") -> 49537.619 | M56: ,.., | N56: =IFERROR(IF(P56="","",_xlfn.XLOOKUP(P56, HSP!D:D, HSP!B:B)),"") -> 1.3.1.4 | P56: 1 m3 urukan tanah biasa atau tanah liat berpasir tanpa pemadatan secara manual
B57: 7 | C57: Cor Lantai Beton | F57: m' | G57: 0.08 | H57: =IFERROR(VLOOKUP($N57,hsp,7,0),"") -> 1588584 | I57: =IFERROR($G57*$H57,"") -> 127086.72 | M57: ,.., | N57: =IFERROR(IF(P57="","",_xlfn.XLOOKUP(P57, HSP!D:D, HSP!B:B)),"") -> 2.2.1.5.3 | P57: 1 m3 beton mutu rendah f'c 17 MPa, slump (100 ± 25) mm, agregat maks 19 mm secara semi mekanis
B58: 8 | C58: Pemasangan Kloset TOTO | F58: m' | G58: 1 | H58: =IFERROR(VLOOKUP($N58,hsp,7,0),"") -> 799607.23 | I58: =IFERROR($G58*$H58,"") -> 799607.23 | M58: ,.., | N58: =IFERROR(IF(P58="","",_xlfn.XLOOKUP(P58, HSP!D:D, HSP!B:B)),"") -> 3.18.3.2 | P58: Pemasangan 1 buah closet jongkok
B59: 9 | C59: Pemasangan Floof Drain | F59: buah | G59: 1 | H59: =IFERROR(VLOOKUP($N59,hsp,7,0),"") -> 61152.46 | I59: =IFERROR($G59*$H59,"") -> 61152.46 | M59: ,.., | N59: =IFERROR(IF(P59="","",_xlfn.XLOOKUP(P59, HSP!D:D, HSP!B:B)),"") -> 3.18.6.1 | P59: Pemasangan 1 buah floor drain stainless steel
B60: 10 | C60: Pemasangan Dinding | F60: m' | G60: 6 | H60: =IFERROR(VLOOKUP($N60,hsp,7,0),"") -> 377306.47 | I60: =IFERROR($G60*$H60,"") -> 2263838.8 | M60: ,.., | N60: =IFERROR(IF(P60="","",_xlfn.XLOOKUP(P60, HSP!D:D, HSP!B:B)),"") -> 3.6.1.2 | P60: Pemasangan 1 m2 dinding bata merah tebal 1 batu dengan mortar tipe S,fc’ 12,5 MPa (Setara Campuran 1SP : 3PP)
B61: 11 | C61: Pemasangan Plesteran | F61: m' | G61: 7.62 | H61: =IFERROR(VLOOKUP($N61,hsp,7,0),"") -> 78881.49 | I61: =IFERROR($G61*$H61,"") -> 601076.95 | M61: ,.., | N61: =IFERROR(IF(P61="","",_xlfn.XLOOKUP(P61, HSP!D:D, HSP!B:B)),"") -> 3.7.3 | P61: Pemasangan 1 m2 plesteran 1SP : 3PP tebal 15 mm
B62: 12 | C62: Pemasangan Acian | F62: m2 | G62: 7.62 | H62: =IFERROR(VLOOKUP($N62,hsp,7,0),"") -> 66244.071 | I62: =IFERROR($G62*$H62,"") -> 504779.82 | M62: ,.., | N62: =IFERROR(IF(P62="","",_xlfn.XLOOKUP(P62, HSP!D:D, HSP!B:B)),"") -> 3.7.8 | P62: Pemasangan 1 m2 acian
... B72: 22 | C72: Pemasangan Rangka Partisi | F72: m' | G72: 7.62 | H72: =IFERROR(VLOOKUP($N72,hsp,7,0),"") -> 278542.1 | I72: =IFERROR($G72*$H72,"") -> 2122490.8 | M72: ,.., | N72: =IFERROR(IF(P72="","",_xlfn.XLOOKUP(P72, HSP!D:D, HSP!B:B)),"") -> 3.10.6.2 | P72: Pemasangan 1 m2 rangka dinding pemisah 60x120 cm kayu kelas II atau III
M73: ,.., | N73: =IFERROR(IF(P73="","",_xlfn.XLOOKUP(P73, HSP!D:D, HSP!B:B)),"")
B85: NO | C85: JENIS PEKERJAAN | I85: JUMLAH HARGA (Rp) | J85: NILAI TKDN (%) | K85: JUMLAH HARGA TKDN (Rp)
B86: 1 | C86: 2 | I86: 3 | J86: 4 | K86: 5 | M86: ,..,
B87: A | C87: PEKERJAAN PERSIAPAN | I87: =SUM(I15:I16) -> 200000 | J87: =SUM(J15:J16) -> 0 | K87: =IFERROR($I87*$J87,"") -> 0 | M87: ,..,
B88: B | C88: PEKERJAAN PERLENGKAPAN K3 | I88: =SUM(I18:I22) -> 860000 | J88: =SUM(J18:J22) -> 0 | K88: =IFERROR($I88*$J88,"") -> 0 | M88: ,.., | Q88: 94224890
B89: C | C89: PEKERJAAN TANKI SEPTIK INDIVIDUAL | I89: =SUM(I24:I33) -> 8436510.6 | J89: =SUM(J24:J33) -> 0 | K89: =IFERROR($I89*$J89,"") -> 0 | M89: ,..,
B90: D | C90: PEKERJAAN JARINGAN PIPA | I90: =SUM(I35:I41) -> 796564.36 | J90: =SUM(J35:J41) -> 0 | K90: =IFERROR($I90*$J90,"") -> 0 | M90: ,..,
B91: E | C91: PEKERJAAN RESAPAN | I91: =SUM(I43:I49) -> 466411.1 | J91: =SUM(J43:J49) -> 0 | K91: =IFERROR($I91*$J91,"") -> 0 | M91: ,..,
B92: F | C92: PEKERJAAN PEMBUATAN BILIK WC | I92: =SUM(I51:I73) -> 12298377 | J92: =SUM(J51:J73) -> 0 | K92: =IFERROR($I92*$J92,"") -> 0 | M92: ,..,
M93: ,..,
C94: Jumlah Harga Pekerjaan ( termasuk Biaya Umum dan Keuntungan ) | I94: =SUM(I87:I92) -> 23057864 | M94: ,..,
C95: Pajak Pertambahan Nilai ( PPN ) = 11% | I95: =I94*0.11 -> 2536365 | M95: ,..,
C96: JUMLAH TOTAL HARGA PEKERJAAN | I96: =SUM(I87:I92)+I95 -> 25594229
J99: Kotamobagu, Maret 2026
E102: Diperiksa : | J102: Disusun Oleh :
E103: FUNGSIONAL TEKNIK PENYEHATAN LINGKUNGAN | J103: PELAKSANA BIDANG CIPTA KARYA
E109: MELKY KOMANSILAN, S.T. | J109: DODI T. MALAH, Amd
E110: Nip. 19800803 201102 1 001 | J110: Nip. 19860924 201008 1 001
E113: Mengetahui : | J113: Diteliti
E114: KEPALA DINAS PEKERJAAN UMUM DAN PENATAAN RUANG | J114: KEPALA BIDANG CIPTA KARYA
E120: CLAUDY N. MOKODONGAN, S.T., M.E | J120: YEYEN YAMBO, S.T.
E121: Nip. 19790112 200802 1 001 | J121: Nip. 19850119 201104 2 001
C222: Papan Nama Kegiatan
C223: PEKERJAAN PERLENGKAPAN K3
C224: Pengadaan Spanduk K3
C225: Pengadaan Helm Safety
C226: Pengadaan Rompi Safety
C227: Pengadaan Sepatu Boots
C228: PEKERJAAN TANKI SEPTIK INDIVIDUAL
C229: Penggalian 1 m3 tanah biasa sedalam > 1 s.d. 2 m untuk volume > 200 m3 secara manual
C230: 1 m3 urukan pasir uruk untuk volume > 200 m3 tanpa pemadatan secara manual
C231: 1 m3 urukan pasir uruk untuk volume > 200 m3 tanpa pemadatan secara manual
C232: 1 m3 beton mutu rendah f'c 17 MPa, slump (100 ± 25) mm, agregat maks 19 mm secara manual
C233: Pemasangan 1 m2 dinding bata merah tebal 1/2 batu dengan mortar tipe O,fc’ 2,4 MPa (Setara Campuran 1SP : 5PP)
... C274: Pemasangan 1 m2 rangka dinding pemisah 60x120 cm kayu kelas II atau III
